date,kind,note
2024-02-09,holiday,설날 연휴
2024-02-12,holiday,설날 대체공휴일
2024-04-10,holiday,국회의원 선거
2024-05-06,holiday,어린이날 대체공휴일
2024-05-15,holiday,부처님오신날
2024-09-16,holiday,추석 연휴
2024-09-17,holiday,추석
2024-09-18,holiday,추석 연휴
2024-10-01,holiday,국군의날 임시공휴일
2025-01-27,holiday,임시공휴일
2025-01-28,holiday,설날 연휴
2025-01-29,holiday,설날
2025-01-30,holiday,설날 연휴
2025-03-03,holiday,삼일절 대체공휴일
2025-05-06,holiday,부처님오신날 대체공휴일
2025-06-03,holiday,대통령 선거
2025-10-06,holiday,추석
2025-10-07,holiday,추석 연휴
2025-10-08,holiday,추석 대체공휴일
2026-02-16,holiday,설날 연휴
2026-02-17,holiday,설날
2026-02-18,holiday,설날 연휴
2026-03-02,holiday,삼일절 대체공휴일
2026-05-25,holiday,부처님오신날 대체공휴일
2026-06-03,holiday,지방선거
2026-08-17,holiday,광복절 대체공휴일
2026-09-24,holiday,추석 연휴
2026-09-25,holiday,추석
2026-10-05,holiday,개천절 대체공휴일
